{
  "title": "Nulla nibh erat, pharetra at ultricies nec, tincidunt luctus arcu",
  "body": [
    {
      "type": "heading",
      "model": {
        "text": "Nulla nibh erat, pharetra at ultricies nec, tincidunt luctus arcu"
      }
    },
    {
      "type": "image",
      "model": {
        "url": "https://picsum.photos/640/420/?random",
        "altText": "Donec purus augue, lobortis et velit maximus, rutrum scelerisque ipsum",
        "height": "420",
        "width": "640"
      }
    },
    {
      "type": "image",
      "model": {
        "url": "https://picsum.photos/640/420/?random",
        "altText": "Etiam at nisl diam",
        "height": "420",
        "width": "640"
      }
    },
    {
      "type": "paragraph",
      "model": {
        "text": "Suspendisse id erat a nibh rutrum consectetur. Ut porttitor arcu id nibh pellentesque, et laoreet sapien accumsan. Phasellus quis finibus ipsum. Cras malesuada eu arcu sed laoreet. Nulla egestas ac eros vel eleifend. Nam porta ornare nisl, quis gravida dolor sagittis a."
      }
    }
  ]
}