{
  "title": "Maecenas venenatis lorem ut erat dictum, sed varius est porta",
  "body": [
    {
      "type": "heading",
      "model": {
        "text": "Maecenas venenatis lorem ut erat dictum, sed varius est porta"
      }
    },
    {
      "type": "paragraph",
      "model": {
        "text": "Donec et fermentum elit, in aliquet massa. Suspendisse mollis tristique vulputate. Ut congue, quam quis volutpat egestas, nisl sem tempus urna, quis consequat arcu leo vitae turpis."
      }
    },
    {
      "type": "list",
      "model": {
        "type": "unordered",
        "items": [
          "Donec commodo ipsum id tellus cursus, vel fermentum elit venenatis",
          "Nullam pulvinar orci felis, eget maximus ex imperdiet accumsan",
          "Nulla ut lectus at est fringilla pellentesque",
          "Duis elementum feugiat lacus non condimentum"
        ]
      }
    },
    {
      "type": "paragraph",
      "model": {
        "text": "Nunc auctor porttitor est, sed laoreet tortor mattis eget."
      }
    },
    {
      "type": "list",
      "model": {
        "type": "unordered",
        "items": [
          "Etiam ultrices libero eget orci maximus luctus",
          "Sed at luctus diam, eget tincidunt arcu"
        ]
      }
    },
    {
      "type": "paragraph",
      "model": {
        "text": "Cras sodales odio et elit scelerisque, at aliquam elit facilisis. Suspendisse erat erat, egestas sed vehicula ac, finibus non velit. Curabitur fermentum iaculis velit eget semper."
      }
    }
  ]
}